-- MySQL dump 10.13  Distrib 8.0.23, for Win64 (x86_64)
--
-- Host: 127.0.0.1    Database: northwind
-- ------------------------------------------------------
-- Server version	8.4.0

/*!40101 SET @OLD_CHARACTER_SET_CLIENT=@@CHARACTER_SET_CLIENT */;
/*!40101 SET @OLD_CHARACTER_SET_RESULTS=@@CHARACTER_SET_RESULTS */;
/*!40101 SET @OLD_COLLATION_CONNECTION=@@COLLATION_CONNECTION */;
/*!50503 SET NAMES utf8 */;
/*!40103 SET @OLD_TIME_ZONE=@@TIME_ZONE */;
/*!40103 SET TIME_ZONE='+00:00' */;
/*!40014 SET @OLD_UNIQUE_CHECKS=@@UNIQUE_CHECKS, UNIQUE_CHECKS=0 */;
/*!40014 SET @OLD_FOREIGN_KEY_CHECKS=@@FOREIGN_KEY_CHECKS, FOREIGN_KEY_CHECKS=0 */;
/*!40101 SET @OLD_SQL_MODE=@@SQL_MODE, SQL_MODE='NO_AUTO_VALUE_ON_ZERO' */;
/*!40111 SET @OLD_SQL_NOTES=@@SQL_NOTES, SQL_NOTES=0 */;

--
-- Table structure for table `customers`
--

DROP TABLE IF EXISTS `customers`;
/*!40101 SET @saved_cs_client     = @@character_set_client */;
/*!50503 SET character_set_client = utf8mb4 */;
CREATE TABLE `customers` (
  `id` int NOT NULL AUTO_INCREMENT,
  `company` varchar(50) DEFAULT NULL,
  `last_name` varchar(50) DEFAULT NULL,
  `first_name` varchar(50) DEFAULT NULL,
  `email_address` varchar(50) DEFAULT NULL,
  `job_title` varchar(50) DEFAULT NULL,
  `business_phone` varchar(25) DEFAULT NULL,
  `home_phone` varchar(25) DEFAULT NULL,
  `mobile_phone` varchar(25) DEFAULT NULL,
  `fax_number` varchar(25) DEFAULT NULL,
  `address` longtext,
  `city` varchar(50) DEFAULT NULL,
  `state_province` varchar(50) DEFAULT NULL,
  `zip_postal_code` varchar(15) DEFAULT NULL,
  `country_region` varchar(50) DEFAULT NULL,
  `web_page` longtext,
  `notes` longtext,
  `attachments` longblob,
  PRIMARY KEY (`id`),
  KEY `city` (`city`),
  KEY `company` (`company`),
  KEY `first_name` (`first_name`),
  KEY `last_name` (`last_name`),
  KEY `zip_postal_code` (`zip_postal_code`),
  KEY `state_province` (`state_province`)
) ENGINE=InnoDB AUTO_INCREMENT=30 DEFAULT CHARSET=utf8mb3;
/*!40101 SET character_set_client = @saved_cs_client */;

--
-- Dumping data for table `customers`
--

LOCK TABLES `customers` WRITE;
/*!40000 ALTER TABLE `customers` DISABLE KEYS */;
INSERT INTO `customers` VALUES (1,'Company A','Bedecs','Anna',NULL,'Owner','(123)555-0100',NULL,NULL,'(123)555-0101','123 1st Street','Seattle','WA','99999','USA',NULL,NULL,''),(2,'Company B','Gratacos Solsona','Antonio',NULL,'Owner','(123)555-0100',NULL,NULL,'(123)555-0101','123 2nd Street','Boston','MA','99999','USA',NULL,NULL,''),(3,'Company C','Axen','Thomas',NULL,'Purchasing Representative','(123)555-0100',NULL,NULL,'(123)555-0101','123 3rd Street','Los Angelas','CA','99999','USA',NULL,NULL,''),(4,'Company D','Lee','Christina',NULL,'Purchasing Manager','(123)555-0100',NULL,NULL,'(123)555-0101','123 4th Street','New York','NY','99999','USA',NULL,NULL,''),(5,'Company E','O’Donnell','Martin',NULL,'Owner','(123)555-0100',NULL,NULL,'(123)555-0101','123 5th Street','Minneapolis','MN','99999','USA',NULL,NULL,''),(6,'Company F','Pérez-Olaeta','Francisco',NULL,'Purchasing Manager','(123)555-0100',NULL,NULL,'(123)555-0101','123 6th Street','Milwaukee','WI','99999','USA',NULL,NULL,''),(7,'Company G','Xie','Ming-Yang',NULL,'Owner','(123)555-0100',NULL,NULL,'(123)555-0101','123 7th Street','Boise','ID','99999','USA',NULL,NULL,''),(8,'Company H','Andersen','Elizabeth',NULL,'Purchasing Representative','(123)555-0100',NULL,NULL,'(123)555-0101','123 8th Street','Portland','OR','99999','USA',NULL,NULL,''),(9,'Company I','Mortensen','Sven',NULL,'Purchasing Manager','(123)555-0100',NULL,NULL,'(123)555-0101','123 9th Street','Salt Lake City','UT','99999','USA',NULL,NULL,''),(10,'Company J','Wacker','Roland',NULL,'Purchasing Manager','(123)555-0100',NULL,NULL,'(123)555-0101','123 10th Street','Chicago','IL','99999','USA',NULL,NULL,''),(11,'Company K','Krschne','Peter',NULL,'Purchasing Manager','(123)555-0100',NULL,NULL,'(123)555-0101','123 11th Street','Miami','FL','99999','USA',NULL,NULL,''),(12,'Company L','Edwards','John',NULL,'Purchasing Manager','(123)555-0100',NULL,NULL,'(123)555-0101','123 12th Street','Las Vegas','NV','99999','USA',NULL,NULL,''),(13,'Company M','Ludick','Andre',NULL,'Purchasing Representative','(123)555-0100',NULL,NULL,'(123)555-0101','456 13th Street','Memphis','TN','99999','USA',NULL,NULL,''),(14,'Company N','Grilo','Carlos',NULL,'Purchasing Representative','(123)555-0100',NULL,NULL,'(123)555-0101','456 14th Street','Denver','CO','99999','USA',NULL,NULL,''),(15,'Company O','Kupkova','Helena',NULL,'Purchasing Manager','(123)555-0100',NULL,NULL,'(123)555-0101','456 15th Street','Honolulu','HI','99999','USA',NULL,NULL,''),(16,'Company P','Goldschmidt','Daniel',NULL,'Purchasing Representative','(123)555-0100',NULL,NULL,'(123)555-0101','456 16th Street','San Francisco','CA','99999','USA',NULL,NULL,''),(17,'Company Q','Bagel','Jean Philippe',NULL,'Owner','(123)555-0100',NULL,NULL,'(123)555-0101','456 17th Street','Seattle','WA','99999','USA',NULL,NULL,''),(18,'Company R','Autier Miconi','Catherine',NULL,'Purchasing Representative','(123)555-0100',NULL,NULL,'(123)555-0101','456 18th Street','Boston','MA','99999','USA',NULL,NULL,''),(19,'Company S','Eggerer','Alexander',NULL,'Accounting Assistant','(123)555-0100',NULL,NULL,'(123)555-0101','789 19th Street','Los Angelas','CA','99999','USA',NULL,NULL,''),(20,'Company T','Li','George',NULL,'Purchasing Manager','(123)555-0100',NULL,NULL,'(123)555-0101','789 20th Street','New York','NY','99999','USA',NULL,NULL,''),(21,'Company U','Tham','Bernard',NULL,'Accounting Manager','(123)555-0100',NULL,NULL,'(123)555-0101','789 21th Street','Minneapolis','MN','99999','USA',NULL,NULL,''),(22,'Company V','Ramos','Luciana',NULL,'Purchasing Assistant','(123)555-0100',NULL,NULL,'(123)555-0101','789 22th Street','Milwaukee','WI','99999','USA',NULL,NULL,''),(23,'Company W','Entin','Michael',NULL,'Purchasing Manager','(123)555-0100',NULL,NULL,'(123)555-0101','789 23th Street','Portland','OR','99999','USA',NULL,NULL,''),(24,'Company X','Hasselberg','Jonas',NULL,'Owner','(123)555-0100',NULL,NULL,'(123)555-0101','789 24th Street','Salt Lake City','UT','99999','USA',NULL,NULL,''),(25,'Company Y','Rodman','John',NULL,'Purchasing Manager','(123)555-0100',NULL,NULL,'(123)555-0101','789 25th Street','Chicago','IL','99999','USA',NULL,NULL,''),(26,'Company Z','Liu','Run',NULL,'Accounting Assistant','(123)555-0100',NULL,NULL,'(123)555-0101','789 26th Street','Miami','FL','99999','USA',NULL,NULL,''),(27,'Company AA','Toh','Karen',NULL,'Purchasing Manager','(123)555-0100',NULL,NULL,'(123)555-0101','789 27th Street','Las Vegas','NV','99999','USA',NULL,NULL,''),(28,'Company BB','Raghav','Amritansh',NULL,'Purchasing Manager','(123)555-0100',NULL,NULL,'(123)555-0101','789 28th Street','Memphis','TN','99999','USA',NULL,NULL,''),(29,'Company CC','Lee','Soo Jung',NULL,'Purchasing Manager','(123)555-0100',NULL,NULL,'(123)555-0101','789 29th Street','Denver','CO','99999','USA',NULL,NULL,'');
/*!40000 ALTER TABLE `customers` ENABLE KEYS */;
UNLOCK TABLES;

--
-- Table structure for table `employee_privileges`
--

DROP TABLE IF EXISTS `employee_privileges`;
/*!40101 SET @saved_cs_client     = @@character_set_client */;
/*!50503 SET character_set_client = utf8mb4 */;
CREATE TABLE `employee_privileges` (
  `employee_id` int NOT NULL,
  `privilege_id` int NOT NULL,
  PRIMARY KEY (`employee_id`,`privilege_id`),
  KEY `employee_id` (`employee_id`),
  KEY `privilege_id` (`privilege_id`),
  KEY `privilege_id_2` (`privilege_id`),
  CONSTRAINT `fk_employee_privileges_employees1` FOREIGN KEY (`employee_id`) REFERENCES `employees` (`id`),
  CONSTRAINT `fk_employee_privileges_privileges1` FOREIGN KEY (`privilege_id`) REFERENCES `privileges` (`id`)
) ENGINE=InnoDB DEFAULT CHARSET=utf8mb3;
/*!40101 SET character_set_client = @saved_cs_client */;

--
-- Dumping data for table `employee_privileges`
--

LOCK TABLES `employee_privileges` WRITE;
/*!40000 ALTER TABLE `employee_privileges` DISABLE KEYS */;
INSERT INTO `employee_privileges` VALUES (2,2);
/*!40000 ALTER TABLE `employee_privileges` ENABLE KEYS */;
UNLOCK TABLES;

--
-- Table structure for table `employees`
--

DROP TABLE IF EXISTS `employees`;
/*!40101 SET @saved_cs_client     = @@character_set_client */;
/*!50503 SET character_set_client = utf8mb4 */;
CREATE TABLE `employees` (
  `id` int NOT NULL AUTO_INCREMENT,
  `company` varchar(50) DEFAULT NULL,
  `last_name` varchar(50) DEFAULT NULL,
  `first_name` varchar(50) DEFAULT NULL,
  `email_address` varchar(50) DEFAULT NULL,
  `job_title` varchar(50) DEFAULT NULL,
  `business_phone` varchar(25) DEFAULT NULL,
  `home_phone` varchar(25) DEFAULT NULL,
  `mobile_phone` varchar(25) DEFAULT NULL,
  `fax_number` varchar(25) DEFAULT NULL,
  `address` longtext,
  `city` varchar(50) DEFAULT NULL,
  `state_province` varchar(50) DEFAULT NULL,
  `zip_postal_code` varchar(15) DEFAULT NULL,
  `country_region` varchar(50) DEFAULT NULL,
  `web_page` longtext,
  `notes` longtext,
  `attachments` longblob,
  PRIMARY KEY (`id`),
  KEY `city` (`city`),
  KEY `company` (`company`),
  KEY `first_name` (`first_name`),
  KEY `last_name` (`last_name`),
  KEY `zip_postal_code` (`zip_postal_code`),
  KEY `state_province` (`state_province`)
) ENGINE=InnoDB AUTO_INCREMENT=10 DEFAULT CHARSET=utf8mb3;
/*!40101 SET character_set_client = @saved_cs_client */;

--
-- Dumping data for table `employees`
--

LOCK TABLES `employees` WRITE;
/*!40000 ALTER TABLE `employees` DISABLE KEYS */;
INSERT INTO `employees` VALUES (1,'Northwind Traders','Freehafer','Nancy','nancy@northwindtraders.com','Sales Representative','(123)555-0100','(123)555-0102',NULL,'(123)555-0103','123 1st Avenue','Seattle','WA','99999','USA','#http://northwindtraders.com#',NULL,''),(2,'Northwind Traders','Cencini','Andrew','andrew@northwindtraders.com','Vice President, Sales','(123)555-0100','(123)555-0102',NULL,'(123)555-0103','123 2nd Avenue','Bellevue','WA','99999','USA','http://northwindtraders.com#http://northwindtraders.com/#','Joined the company as a sales representative, was promoted to sales manager and was then named vice president of sales.',''),(3,'Northwind Traders','Kotas','Jan','jan@northwindtraders.com','Sales Representative','(123)555-0100','(123)555-0102',NULL,'(123)555-0103','123 3rd Avenue','Redmond','WA','99999','USA','http://northwindtraders.com#http://northwindtraders.com/#','Was hired as a sales associate and was promoted to sales representative.',''),(4,'Northwind Traders','Sergienko','Mariya','mariya@northwindtraders.com','Sales Representative','(123)555-0100','(123)555-0102',NULL,'(123)555-0103','123 4th Avenue','Kirkland','WA','99999','USA','http://northwindtraders.com#http://northwindtraders.com/#',NULL,''),(5,'Northwind Traders','Thorpe','Steven','steven@northwindtraders.com','Sales Manager','(123)555-0100','(123)555-0102',NULL,'(123)555-0103','123 5th Avenue','Seattle','WA','99999','USA','http://northwindtraders.com#http://northwindtraders.com/#','Joined the company as a sales representative and was promoted to sales manager.  Fluent in French.',''),(6,'Northwind Traders','Neipper','Michael','michael@northwindtraders.com','Sales Representative','(123)555-0100','(123)555-0102',NULL,'(123)555-0103','123 6th Avenue','Redmond','WA','99999','USA','http://northwindtraders.com#http://northwindtraders.com/#','Fluent in Japanese and can read and write French, Portuguese, and Spanish.',''),(7,'Northwind Traders','Zare','Robert','robert@northwindtraders.com','Sales Representative','(123)555-0100','(123)555-0102',NULL,'(123)555-0103','123 7th Avenue','Seattle','WA','99999','USA','http://northwindtraders.com#http://northwindtraders.com/#',NULL,''),(8,'Northwind Traders','Giussani','Laura','laura@northwindtraders.com','Sales Coordinator','(123)555-0100','(123)555-0102',NULL,'(123)555-0103','123 8th Avenue','Redmond','WA','99999','USA','http://northwindtraders.com#http://northwindtraders.com/#','Reads and writes French.',''),(9,'Northwind Traders','Hellung-Larsen','Anne','anne@northwindtraders.com','Sales Representative','(123)555-0100','(123)555-0102',NULL,'(123)555-0103','123 9th Avenue','Seattle','WA','99999','USA','http://northwindtraders.com#http://northwindtraders.com/#','Fluent in French and German.','');
/*!40000 ALTER TABLE `employees` ENABLE KEYS */;
UNLOCK TABLES;

--
-- Table structure for table `inventory_transaction_types`
--

DROP TABLE IF EXISTS `inventory_transaction_types`;
/*!40101 SET @saved_cs_client     = @@character_set_client */;
/*!50503 SET character_set_client = utf8mb4 */;
CREATE TABLE `inventory_transaction_types` (
  `id` tinyint NOT NULL,
  `type_name` varchar(50) NOT NULL,
  PRIMARY KEY (`id`)
) ENGINE=InnoDB DEFAULT CHARSET=utf8mb3;
/*!40101 SET character_set_client = @saved_cs_client */;

--
-- Dumping data for table `inventory_transaction_types`
--

LOCK TABLES `inventory_transaction_types` WRITE;
/*!40000 ALTER TABLE `inventory_transaction_types` DISABLE KEYS */;
INSERT INTO `inventory_transaction_types` VALUES (1,'Purchased'),(2,'Sold'),(3,'On Hold'),(4,'Waste');
/*!40000 ALTER TABLE `inventory_transaction_types` ENABLE KEYS */;
UNLOCK TABLES;

--
-- Table structure for table `inventory_transactions`
--

DROP TABLE IF EXISTS `inventory_transactions`;
/*!40101 SET @saved_cs_client     = @@character_set_client */;
/*!50503 SET character_set_client = utf8mb4 */;
CREATE TABLE `inventory_transactions` (
  `id` int NOT NULL AUTO_INCREMENT,
  `transaction_type` tinyint NOT NULL,
  `transaction_created_date` datetime DEFAULT NULL,
  `transaction_modified_date` datetime DEFAULT NULL,
  `product_id` int NOT NULL,
  `quantity` int NOT NULL,
  `purchase_order_id` int DEFAULT NULL,
  `customer_order_id` int DEFAULT NULL,
  `comments` varchar(255) DEFAULT NULL,
  PRIMARY KEY (`id`),
  KEY `customer_order_id` (`customer_order_id`),
  KEY `customer_order_id_2` (`customer_order_id`),
  KEY `product_id` (`product_id`),
  KEY `product_id_2` (`product_id`),
  KEY `purchase_order_id` (`purchase_order_id`),
  KEY `purchase_order_id_2` (`purchase_order_id`),
  KEY `transaction_type` (`transaction_type`),
  CONSTRAINT `fk_inventory_transactions_inventory_transaction_types1` FOREIGN KEY (`transaction_type`) REFERENCES `inventory_transaction_types` (`id`),
  CONSTRAINT `fk_inventory_transactions_orders1` FOREIGN KEY (`customer_order_id`) REFERENCES `orders` (`id`),
  CONSTRAINT `fk_inventory_transactions_products1` FOREIGN KEY (`product_id`) REFERENCES `products` (`id`),
  CONSTRAINT `fk_inventory_transactions_purchase_orders1` FOREIGN KEY (`purchase_order_id`) REFERENCES `purchase_orders` (`id`)
) ENGINE=InnoDB AUTO_INCREMENT=137 DEFAULT CHARSET=utf8mb3;
/*!40101 SET character_set_client = @saved_cs_client */;

--
-- Dumping data for table `inventory_transactions`
--

LOCK TABLES `inventory_transactions` WRITE;
/*!40000 ALTER TABLE `inventory_transactions` DISABLE KEYS */;
INSERT INTO `inventory_transactions` VALUES (35,1,'2006-03-22 16:02:28','2006-03-22 16:02:28',80,75,NULL,NULL,NULL),(36,1,'2006-03-22 16:02:48','2006-03-22 16:02:48',72,40,NULL,NULL,NULL),(37,1,'2006-03-22 16:03:04','2006-03-22 16:03:04',52,100,NULL,NULL,NULL),(38,1,'2006-03-22 16:03:09','2006-03-22 16:03:09',56,120,NULL,NULL,NULL),(39,1,'2006-03-22 16:03:14','2006-03-22 16:03:14',57,80,NULL,NULL,NULL),(40,1,'2006-03-22 16:03:40','2006-03-22 16:03:40',6,100,NULL,NULL,NULL),(41,1,'2006-03-22 16:03:47','2006-03-22 16:03:47',7,40,NULL,NULL,NULL),(42,1,'2006-03-22 16:03:54','2006-03-22 16:03:54',8,40,NULL,NULL,NULL),(43,1,'2006-03-22 16:04:02','2006-03-22 16:04:02',14,40,NULL,NULL,NULL),(44,1,'2006-03-22 16:04:07','2006-03-22 16:04:07',17,40,NULL,NULL,NULL),(45,1,'2006-03-22 16:04:12','2006-03-22 16:04:12',19,20,NULL,NULL,NULL),(46,1,'2006-03-22 16:04:17','2006-03-22 16:04:17',20,40,NULL,NULL,NULL),(47,1,'2006-03-22 16:04:20','2006-03-22 16:04:20',21,20,NULL,NULL,NULL),(48,1,'2006-03-22 16:04:24','2006-03-22 16:04:24',40,120,NULL,NULL,NULL),(49,1,'2006-03-22 16:04:28','2006-03-22 16:04:28',41,40,NULL,NULL,NULL),(50,1,'2006-03-22 16:04:31','2006-03-22 16:04:31',48,100,NULL,NULL,NULL),(51,1,'2006-03-22 16:04:38','2006-03-22 16:04:38',51,40,NULL,NULL,NULL),(52,1,'2006-03-22 16:04:41','2006-03-22 16:04:41',74,20,NULL,NULL,NULL),(53,1,'2006-03-22 16:04:45','2006-03-22 16:04:45',77,60,NULL,NULL,NULL),(54,1,'2006-03-22 16:05:07','2006-03-22 16:05:07',3,100,NULL,NULL,NULL),(55,1,'2006-03-22 16:05:11','2006-03-22 16:05:11',4,40,NULL,NULL,NULL),(56,1,'2006-03-22 16:05:14','2006-03-22 16:05:14',5,40,NULL,NULL,NULL),(57,1,'2006-03-22 16:05:26','2006-03-22 16:05:26',65,40,NULL,NULL,NULL),(58,1,'2006-03-22 16:05:32','2006-03-22 16:05:32',66,80,NULL,NULL,NULL),(59,1,'2006-03-22 16:05:47','2006-03-22 16:05:47',1,40,NULL,NULL,NULL),(60,1,'2006-03-22 16:05:51','2006-03-22 16:05:51',34,60,NULL,NULL,NULL),(61,1,'2006-03-22 16:06:00','2006-03-22 16:06:00',43,100,NULL,NULL,NULL),(62,1,'2006-03-22 16:06:03','2006-03-22 16:06:03',81,125,NULL,NULL,NULL),(63,2,'2006-03-22 16:07:56','2006-03-24 11:03:00',80,30,NULL,NULL,NULL),(64,2,'2006-03-22 16:08:19','2006-03-22 16:08:59',7,10,NULL,NULL,NULL),(65,2,'2006-03-22 16:08:29','2006-03-22 16:08:59',51,10,NULL,NULL,NULL),(66,2,'2006-03-22 16:08:37','2006-03-22 16:08:59',80,10,NULL,NULL,NULL),(67,2,'2006-03-22 16:09:46','2006-03-22 16:10:27',1,15,NULL,NULL,NULL),(68,2,'2006-03-22 16:10:06','2006-03-22 16:10:27',43,20,NULL,NULL,NULL),(69,2,'2006-03-22 16:11:39','2006-03-24 11:00:55',19,20,NULL,NULL,NULL),(70,2,'2006-03-22 16:11:56','2006-03-24 10:59:41',48,10,NULL,NULL,NULL),(71,2,'2006-03-22 16:12:29','2006-03-24 10:57:38',8,17,NULL,NULL,NULL),(72,1,'2006-03-24 10:41:30','2006-03-24 10:41:30',81,200,NULL,NULL,NULL),(73,2,'2006-03-24 10:41:33','2006-03-24 10:41:42',81,200,NULL,NULL,'Fill Back Ordered product, Order #40'),(74,1,'2006-03-24 10:53:13','2006-03-24 10:53:13',48,100,NULL,NULL,NULL),(75,2,'2006-03-24 10:53:16','2006-03-24 10:55:46',48,100,NULL,NULL,'Fill Back Ordered product, Order #39'),(76,1,'2006-03-24 10:53:36','2006-03-24 10:53:36',43,300,NULL,NULL,NULL),(77,2,'2006-03-24 10:53:39','2006-03-24 10:56:57',43,300,NULL,NULL,'Fill Back Ordered product, Order #38'),(78,1,'2006-03-24 10:54:04','2006-03-24 10:54:04',41,200,NULL,NULL,NULL),(79,2,'2006-03-24 10:54:07','2006-03-24 10:58:40',41,200,NULL,NULL,'Fill Back Ordered product, Order #36'),(80,1,'2006-03-24 10:54:33','2006-03-24 10:54:33',19,30,NULL,NULL,NULL),(81,2,'2006-03-24 10:54:35','2006-03-24 11:02:02',19,30,NULL,NULL,'Fill Back Ordered product, Order #33'),(82,1,'2006-03-24 10:54:58','2006-03-24 10:54:58',34,100,NULL,NULL,NULL),(83,2,'2006-03-24 10:55:02','2006-03-24 11:03:00',34,100,NULL,NULL,'Fill Back Ordered product, Order #30'),(84,2,'2006-03-24 14:48:15','2006-04-04 11:41:14',6,10,NULL,NULL,NULL),(85,2,'2006-03-24 14:48:23','2006-04-04 11:41:14',4,10,NULL,NULL,NULL),(86,3,'2006-03-24 14:49:16','2006-03-24 14:49:16',80,20,NULL,NULL,NULL),(87,3,'2006-03-24 14:49:20','2006-03-24 14:49:20',81,50,NULL,NULL,NULL),(88,3,'2006-03-24 14:50:09','2006-03-24 14:50:09',1,25,NULL,NULL,NULL),(89,3,'2006-03-24 14:50:14','2006-03-24 14:50:14',43,25,NULL,NULL,NULL),(90,3,'2006-03-24 14:50:18','2006-03-24 14:50:18',81,25,NULL,NULL,NULL),(91,2,'2006-03-24 14:51:03','2006-04-04 11:09:24',40,50,NULL,NULL,NULL),(92,2,'2006-03-24 14:55:03','2006-04-04 11:06:56',21,20,NULL,NULL,NULL),(93,2,'2006-03-24 14:55:39','2006-04-04 11:06:13',5,25,NULL,NULL,NULL),(94,2,'2006-03-24 14:55:52','2006-04-04 11:06:13',41,30,NULL,NULL,NULL),(95,2,'2006-03-24 14:56:09','2006-04-04 11:06:13',40,30,NULL,NULL,NULL),(96,3,'2006-03-30 16:46:34','2006-03-30 16:46:34',34,12,NULL,NULL,NULL),(97,3,'2006-03-30 17:23:27','2006-03-30 17:23:27',34,10,NULL,NULL,NULL),(98,3,'2006-03-30 17:24:33','2006-03-30 17:24:33',34,1,NULL,NULL,NULL),(99,2,'2006-04-03 13:50:08','2006-04-03 13:50:15',48,10,NULL,NULL,NULL),(100,1,'2006-04-04 11:00:54','2006-04-04 11:00:54',57,100,NULL,NULL,NULL),(101,2,'2006-04-04 11:00:56','2006-04-04 11:08:49',57,100,NULL,NULL,'Fill Back Ordered product, Order #46'),(102,1,'2006-04-04 11:01:14','2006-04-04 11:01:14',34,50,NULL,NULL,NULL),(103,1,'2006-04-04 11:01:35','2006-04-04 11:01:35',43,250,NULL,NULL,NULL),(104,3,'2006-04-04 11:01:37','2006-04-04 11:01:37',43,300,NULL,NULL,'Fill Back Ordered product, Order #41'),(105,1,'2006-04-04 11:01:55','2006-04-04 11:01:55',8,25,NULL,NULL,NULL),(106,2,'2006-04-04 11:01:58','2006-04-04 11:07:37',8,25,NULL,NULL,'Fill Back Ordered product, Order #48'),(107,1,'2006-04-04 11:02:17','2006-04-04 11:02:17',34,300,NULL,NULL,NULL),(108,2,'2006-04-04 11:02:19','2006-04-04 11:08:14',34,300,NULL,NULL,'Fill Back Ordered product, Order #47'),(109,1,'2006-04-04 11:02:37','2006-04-04 11:02:37',19,25,NULL,NULL,NULL),(110,2,'2006-04-04 11:02:39','2006-04-04 11:41:14',19,10,NULL,NULL,'Fill Back Ordered product, Order #42'),(111,1,'2006-04-04 11:02:56','2006-04-04 11:02:56',19,10,NULL,NULL,NULL),(112,2,'2006-04-04 11:02:58','2006-04-04 11:07:37',19,25,NULL,NULL,'Fill Back Ordered product, Order #48'),(113,1,'2006-04-04 11:03:12','2006-04-04 11:03:12',72,50,NULL,NULL,NULL),(114,2,'2006-04-04 11:03:14','2006-04-04 11:08:49',72,50,NULL,NULL,'Fill Back Ordered product, Order #46'),(115,1,'2006-04-04 11:03:38','2006-04-04 11:03:38',41,50,NULL,NULL,NULL),(116,2,'2006-04-04 11:03:39','2006-04-04 11:09:24',41,50,NULL,NULL,'Fill Back Ordered product, Order #45'),(117,2,'2006-04-04 11:04:55','2006-04-04 11:05:04',34,87,NULL,NULL,NULL),(118,2,'2006-04-04 11:35:50','2006-04-04 11:35:54',51,30,NULL,NULL,NULL),(119,2,'2006-04-04 11:35:51','2006-04-04 11:35:54',7,30,NULL,NULL,NULL),(120,2,'2006-04-04 11:36:15','2006-04-04 11:36:21',17,40,NULL,NULL,NULL),(121,2,'2006-04-04 11:36:39','2006-04-04 11:36:47',6,90,NULL,NULL,NULL),(122,2,'2006-04-04 11:37:06','2006-04-04 11:37:09',4,30,NULL,NULL,NULL),(123,2,'2006-04-04 11:37:45','2006-04-04 11:37:49',48,40,NULL,NULL,NULL),(124,2,'2006-04-04 11:38:07','2006-04-04 11:38:11',48,40,NULL,NULL,NULL),(125,2,'2006-04-04 11:38:27','2006-04-04 11:38:32',41,10,NULL,NULL,NULL),(126,2,'2006-04-04 11:38:48','2006-04-04 11:38:53',43,5,NULL,NULL,NULL),(127,2,'2006-04-04 11:39:12','2006-04-04 11:39:29',40,40,NULL,NULL,NULL),(128,2,'2006-04-04 11:39:50','2006-04-04 11:39:53',8,20,NULL,NULL,NULL),(129,2,'2006-04-04 11:40:13','2006-04-04 11:40:16',80,15,NULL,NULL,NULL),(130,2,'2006-04-04 11:40:32','2006-04-04 11:40:38',74,20,NULL,NULL,NULL),(131,2,'2006-04-04 11:41:39','2006-04-04 11:41:45',72,40,NULL,NULL,NULL),(132,2,'2006-04-04 11:42:17','2006-04-04 11:42:26',3,50,NULL,NULL,NULL),(133,2,'2006-04-04 11:42:24','2006-04-04 11:42:26',8,3,NULL,NULL,NULL),(134,2,'2006-04-04 11:42:48','2006-04-04 11:43:08',20,40,NULL,NULL,NULL),(135,2,'2006-04-04 11:43:05','2006-04-04 11:43:08',52,40,NULL,NULL,NULL),(136,3,'2006-04-25 17:04:05','2006-04-25 17:04:57',56,110,NULL,NULL,NULL);
/*!40000 ALTER TABLE `inventory_transactions` ENABLE KEYS */;
UNLOCK TABLES;

--
-- Table structure for table `invoices`
--

DROP TABLE IF EXISTS `invoices`;
/*!40101 SET @saved_cs_client     = @@character_set_client */;
/*!50503 SET character_set_client = utf8mb4 */;
CREATE TABLE `invoices` (
  `id` int NOT NULL AUTO_INCREMENT,
  `order_id` int DEFAULT NULL,
  `invoice_date` datetime DEFAULT NULL,
  `due_date` datetime DEFAULT NULL,
  `tax` decimal(19,4) DEFAULT '0.0000',
  `shipping` decimal(19,4) DEFAULT '0.0000',
  `amount_due` decimal(19,4) DEFAULT '0.0000',
  PRIMARY KEY (`id`),
  KEY `id` (`id`),
  KEY `id_2` (`id`),
  KEY `fk_invoices_orders1_idx` (`order_id`),
  CONSTRAINT `fk_invoices_orders1` FOREIGN KEY (`order_id`) REFERENCES `orders` (`id`)
) ENGINE=InnoDB AUTO_INCREMENT=40 DEFAULT CHARSET=utf8mb3;
/*!40101 SET character_set_client = @saved_cs_client */;

--
-- Dumping data for table `invoices`
--

LOCK TABLES `invoices` WRITE;
/*!40000 ALTER TABLE `invoices` DISABLE KEYS */;
INSERT INTO `invoices` VALUES (5,31,'2006-03-22 16:08:59',NULL,0.0000,0.0000,0.0000),(6,32,'2006-03-22 16:10:27',NULL,0.0000,0.0000,0.0000),(7,40,'2006-03-24 10:41:41',NULL,0.0000,0.0000,0.0000),(8,39,'2006-03-24 10:55:46',NULL,0.0000,0.0000,0.0000),(9,38,'2006-03-24 10:56:57',NULL,0.0000,0.0000,0.0000),(10,37,'2006-03-24 10:57:38',NULL,0.0000,0.0000,0.0000),(11,36,'2006-03-24 10:58:40',NULL,0.0000,0.0000,0.0000),(12,35,'2006-03-24 10:59:41',NULL,0.0000,0.0000,0.0000),(13,34,'2006-03-24 11:00:55',NULL,0.0000,0.0000,0.0000),(14,33,'2006-03-24 11:02:02',NULL,0.0000,0.0000,0.0000),(15,30,'2006-03-24 11:03:00',NULL,0.0000,0.0000,0.0000),(16,56,'2006-04-03 13:50:15',NULL,0.0000,0.0000,0.0000),(17,55,'2006-04-04 11:05:04',NULL,0.0000,0.0000,0.0000),(18,51,'2006-04-04 11:06:13',NULL,0.0000,0.0000,0.0000),(19,50,'2006-04-04 11:06:56',NULL,0.0000,0.0000,0.0000),(20,48,'2006-04-04 11:07:37',NULL,0.0000,0.0000,0.0000),(21,47,'2006-04-04 11:08:14',NULL,0.0000,0.0000,0.0000),(22,46,'2006-04-04 11:08:49',NULL,0.0000,0.0000,0.0000),(23,45,'2006-04-04 11:09:24',NULL,0.0000,0.0000,0.0000),(24,79,'2006-04-04 11:35:54',NULL,0.0000,0.0000,0.0000),(25,78,'2006-04-04 11:36:21',NULL,0.0000,0.0000,0.0000),(26,77,'2006-04-04 11:36:47',NULL,0.0000,0.0000,0.0000),(27,76,'2006-04-04 11:37:09',NULL,0.0000,0.0000,0.0000),(28,75,'2006-04-04 11:37:49',NULL,0.0000,0.0000,0.0000),(29,74,'2006-04-04 11:38:11',NULL,0.0000,0.0000,0.0000),(30,73,'2006-04-04 11:38:32',NULL,0.0000,0.0000,0.0000),(31,72,'2006-04-04 11:38:53',NULL,0.0000,0.0000,0.0000),(32,71,'2006-04-04 11:39:29',NULL,0.0000,0.0000,0.0000),(33,70,'2006-04-04 11:39:53',NULL,0.0000,0.0000,0.0000),(34,69,'2006-04-04 11:40:16',NULL,0.0000,0.0000,0.0000),(35,67,'2006-04-04 11:40:38',NULL,0.0000,0.0000,0.0000),(36,42,'2006-04-04 11:41:14',NULL,0.0000,0.0000,0.0000),(37,60,'2006-04-04 11:41:45',NULL,0.0000,0.0000,0.0000),(38,63,'2006-04-04 11:42:26',NULL,0.0000,0.0000,0.0000),(39,58,'2006-04-04 11:43:08',NULL,0.0000,0.0000,0.0000);
/*!40000 ALTER TABLE `invoices` ENABLE KEYS */;
UNLOCK TABLES;

--
-- Table structure for table `order_details`
--

DROP TABLE IF EXISTS `order_details`;
/*!40101 SET @saved_cs_client     = @@character_set_client */;
/*!50503 SET character_set_client = utf8mb4 */;
CREATE TABLE `order_details` (
  `id` int NOT NULL AUTO_INCREMENT,
  `order_id` int NOT NULL,
  `product_id` int DEFAULT NULL,
  `quantity` decimal(18,4) NOT NULL DEFAULT '0.0000',
  `unit_price` decimal(19,4) DEFAULT '0.0000',
  `discount` double NOT NULL DEFAULT '0',
  `status_id` int DEFAULT NULL,
  `date_allocated` datetime DEFAULT NULL,
  `purchase_order_id` int DEFAULT NULL,
  `inventory_id` int DEFAULT NULL,
  PRIMARY KEY (`id`),
  KEY `id` (`id`),
  KEY `inventory_id` (`inventory_id`),
  KEY `id_2` (`id`),
  KEY `id_3` (`id`),
  KEY `id_4` (`id`),
  KEY `product_id` (`product_id`),
  KEY `product_id_2` (`product_id`),
  KEY `purchase_order_id` (`purchase_order_id`),
  KEY `id_5` (`id`),
  KEY `fk_order_details_orders1_idx` (`order_id`),
  KEY `fk_order_details_order_details_status1_idx` (`status_id`),
  CONSTRAINT `fk_order_details_order_details_status1` FOREIGN KEY (`status_id`) REFERENCES `order_details_status` (`id`),
  CONSTRAINT `fk_order_details_orders1` FOREIGN KEY (`order_id`) REFERENCES `orders` (`id`),
  CONSTRAINT `fk_order_details_products1` FOREIGN KEY (`product_id`) REFERENCES `products` (`id`)
) ENGINE=InnoDB AUTO_INCREMENT=92 DEFAULT CHARSET=utf8mb3;
/*!40101 SET character_set_client = @saved_cs_client */;

--
-- Dumping data for table `order_details`
--

LOCK TABLES `order_details` WRITE;
/*!40000 ALTER TABLE `order_details` DISABLE KEYS */;
INSERT INTO `order_details` VALUES (27,30,34,100.0000,14.0000,0,2,NULL,96,83),(28,30,80,30.0000,3.5000,0,2,NULL,NULL,63),(29,31,7,10.0000,30.0000,0,2,NULL,NULL,64),(30,31,51,10.0000,53.0000,0,2,NULL,NULL,65),(31,31,80,10.0000,3.5000,0,2,NULL,NULL,66),(32,32,1,15.0000,18.0000,0,2,NULL,NULL,67),(33,32,43,20.0000,46.0000,0,2,NULL,NULL,68),(34,33,19,30.0000,9.2000,0,2,NULL,97,81),(35,34,19,20.0000,9.2000,0,2,NULL,NULL,69),(36,35,48,10.0000,12.7500,0,2,NULL,NULL,70),(37,36,41,200.0000,9.6500,0,2,NULL,98,79),(38,37,8,17.0000,40.0000,0,2,NULL,NULL,71),(39,38,43,300.0000,46.0000,0,2,NULL,99,77),(40,39,48,100.0000,12.7500,0,2,NULL,100,75),(41,40,81,200.0000,2.9900,0,2,NULL,101,73),(42,41,43,300.0000,46.0000,0,1,NULL,102,104),(43,42,6,10.0000,25.0000,0,2,NULL,NULL,84),(44,42,4,10.0000,22.0000,0,2,NULL,NULL,85),(45,42,19,10.0000,9.2000,0,2,NULL,103,110),(46,43,80,20.0000,3.5000,0,1,NULL,NULL,86),(47,43,81,50.0000,2.9900,0,1,NULL,NULL,87),(48,44,1,25.0000,18.0000,0,1,NULL,NULL,88),(49,44,43,25.0000,46.0000,0,1,NULL,NULL,89),(50,44,81,25.0000,2.9900,0,1,NULL,NULL,90),(51,45,41,50.0000,9.6500,0,2,NULL,104,116),(52,45,40,50.0000,18.4000,0,2,NULL,NULL,91),(53,46,57,100.0000,19.5000,0,2,NULL,105,101),(54,46,72,50.0000,34.8000,0,2,NULL,106,114),(55,47,34,300.0000,14.0000,0,2,NULL,107,108),(56,48,8,25.0000,40.0000,0,2,NULL,108,106),(57,48,19,25.0000,9.2000,0,2,NULL,109,112),(59,50,21,20.0000,10.0000,0,2,NULL,NULL,92),(60,51,5,25.0000,21.3500,0,2,NULL,NULL,93),(61,51,41,30.0000,9.6500,0,2,NULL,NULL,94),(62,51,40,30.0000,18.4000,0,2,NULL,NULL,95),(66,56,48,10.0000,12.7500,0,2,NULL,111,99),(67,55,34,87.0000,14.0000,0,2,NULL,NULL,117),(68,79,7,30.0000,30.0000,0,2,NULL,NULL,119),(69,79,51,30.0000,53.0000,0,2,NULL,NULL,118),(70,78,17,40.0000,39.0000,0,2,NULL,NULL,120),(71,77,6,90.0000,25.0000,0,2,NULL,NULL,121),(72,76,4,30.0000,22.0000,0,2,NULL,NULL,122),(73,75,48,40.0000,12.7500,0,2,NULL,NULL,123),(74,74,48,40.0000,12.7500,0,2,NULL,NULL,124),(75,73,41,10.0000,9.6500,0,2,NULL,NULL,125),(76,72,43,5.0000,46.0000,0,2,NULL,NULL,126),(77,71,40,40.0000,18.4000,0,2,NULL,NULL,127),(78,70,8,20.0000,40.0000,0,2,NULL,NULL,128),(79,69,80,15.0000,3.5000,0,2,NULL,NULL,129),(80,67,74,20.0000,10.0000,0,2,NULL,NULL,130),(81,60,72,40.0000,34.8000,0,2,NULL,NULL,131),(82,63,3,50.0000,10.0000,0,2,NULL,NULL,132),(83,63,8,3.0000,40.0000,0,2,NULL,NULL,133),(84,58,20,40.0000,81.0000,0,2,NULL,NULL,134),(85,58,52,40.0000,7.0000,0,2,NULL,NULL,135),(86,80,56,10.0000,38.0000,0,1,NULL,NULL,136),(90,81,81,0.0000,2.9900,0,5,NULL,NULL,NULL),(91,81,56,0.0000,38.0000,0,0,NULL,NULL,NULL);
/*!40000 ALTER TABLE `order_details` ENABLE KEYS */;
UNLOCK TABLES;

--
-- Table structure for table `order_details_status`
--

DROP TABLE IF EXISTS `order_details_status`;
/*!40101 SET @saved_cs_client     = @@character_set_client */;
/*!50503 SET character_set_client = utf8mb4 */;
CREATE TABLE `order_details_status` (
  `id` int NOT NULL,
  `status_name` varchar(50) NOT NULL,
  PRIMARY KEY (`id`)
) ENGINE=InnoDB DEFAULT CHARSET=utf8mb3;
/*!40101 SET character_set_client = @saved_cs_client */;

--
-- Dumping data for table `order_details_status`
--

LOCK TABLES `order_details_status` WRITE;
/*!40000 ALTER TABLE `order_details_status` DISABLE KEYS */;
INSERT INTO `order_details_status` VALUES (0,'None'),(1,'Allocated'),(2,'Invoiced'),(3,'Shipped'),(4,'On Order'),(5,'No Stock');
/*!40000 ALTER TABLE `order_details_status` ENABLE KEYS */;
UNLOCK TABLES;

--
-- Table structure for table `orders`
--

DROP TABLE IF EXISTS `orders`;
/*!40101 SET @saved_cs_client     = @@character_set_client */;
/*!50503 SET character_set_client = utf8mb4 */;
CREATE TABLE `orders` (
  `id` int NOT NULL AUTO_INCREMENT,
  `employee_id` int DEFAULT NULL,
  `customer_id` int DEFAULT NULL,
  `order_date` datetime DEFAULT NULL,
  `shipped_date` datetime DEFAULT NULL,
  `shipper_id` int DEFAULT NULL,
  `ship_name` varchar(50) DEFAULT NULL,
  `ship_address` longtext,
  `ship_city` varchar(50) DEFAULT NULL,
  `ship_state_province` varchar(50) DEFAULT NULL,
  `ship_zip_postal_code` varchar(50) DEFAULT NULL,
  `ship_country_region` varchar(50) DEFAULT NULL,
  `shipping_fee` decimal(19,4) DEFAULT '0.0000',
  `taxes` decimal(19,4) DEFAULT '0.0000',
  `payment_type` varchar(50) DEFAULT NULL,
  `paid_date` datetime DEFAULT NULL,
  `notes` longtext,
  `tax_rate` double DEFAULT '0',
  `tax_status_id` tinyint DEFAULT NULL,
  `status_id` tinyint DEFAULT '0',
  PRIMARY KEY (`id`),
  KEY `customer_id` (`customer_id`),
  KEY `customer_id_2` (`customer_id`),
  KEY `employee_id` (`employee_id`),
  KEY `employee_id_2` (`employee_id`),
  KEY `id` (`id`),
  KEY `id_2` (`id`),
  KEY `shipper_id` (`shipper_id`),
  KEY `shipper_id_2` (`shipper_id`),
  KEY `id_3` (`id`),
  KEY `tax_status` (`tax_status_id`),
  KEY `ship_zip_postal_code` (`ship_zip_postal_code`),
  KEY `fk_orders_orders_status1` (`status_id`),
  CONSTRAINT `fk_orders_customers` FOREIGN KEY (`customer_id`) REFERENCES `customers` (`id`),
  CONSTRAINT `fk_orders_employees1` FOREIGN KEY (`employee_id`) REFERENCES `employees` (`id`),
  CONSTRAINT `fk_orders_orders_status1` FOREIGN KEY (`status_id`) REFERENCES `orders_status` (`id`),
  CONSTRAINT `fk_orders_orders_tax_status1` FOREIGN KEY (`tax_status_id`) REFERENCES `orders_tax_status` (`id`),
  CONSTRAINT `fk_orders_shippers1` FOREIGN KEY (`shipper_id`) REFERENCES `shippers` (`id`)
) ENGINE=InnoDB AUTO_INCREMENT=82 DEFAULT CHARSET=utf8mb3;
/*!40101 SET character_set_client = @saved_cs_client */;

--
-- Dumping data for table `orders`
--

LOCK TABLES `orders` WRITE;
/*!40000 ALTER TABLE `orders` DISABLE KEYS */;
INSERT INTO `orders` VALUES (30,9,27,'2006-01-15 00:00:00','2006-01-22 00:00:00',2,'Karen Toh','789 27th Street','Las Vegas','NV','99999','USA',200.0000,0.0000,'Check','2006-01-15 00:00:00',NULL,0,NULL,3),(31,3,4,'2006-01-20 00:00:00','2006-01-22 00:00:00',1,'Christina Lee','123 4th Street','New York','NY','99999','USA',5.0000,0.0000,'Credit Card','2006-01-20 00:00:00',NULL,0,NULL,3),(32,4,12,'2006-01-22 00:00:00','2006-01-22 00:00:00',2,'John Edwards','123 12th Street','Las Vegas','NV','99999','USA',5.0000,0.0000,'Credit Card','2006-01-22 00:00:00',NULL,0,NULL,3),(33,6,8,'2006-01-30 00:00:00','2006-01-31 00:00:00',3,'Elizabeth Andersen','123 8th Street','Portland','OR','99999','USA',50.0000,0.0000,'Credit Card','2006-01-30 00:00:00',NULL,0,NULL,3),(34,9,4,'2006-02-06 00:00:00','2006-02-07 00:00:00',3,'Christina Lee','123 4th Street','New York','NY','99999','USA',4.0000,0.0000,'Check','2006-02-06 00:00:00',NULL,0,NULL,3),(35,3,29,'2006-02-10 00:00:00','2006-02-12 00:00:00',2,'Soo Jung Lee','789 29th Street','Denver','CO','99999','USA',7.0000,0.0000,'Check','2006-02-10 00:00:00',NULL,0,NULL,3),(36,4,3,'2006-02-23 00:00:00','2006-02-25 00:00:00',2,'Thomas Axen','123 3rd Street','Los Angelas','CA','99999','USA',7.0000,0.0000,'Cash','2006-02-23 00:00:00',NULL,0,NULL,3),(37,8,6,'2006-03-06 00:00:00','2006-03-09 00:00:00',2,'Francisco Pérez-Olaeta','123 6th Street','Milwaukee','WI','99999','USA',12.0000,0.0000,'Credit Card','2006-03-06 00:00:00',NULL,0,NULL,3),(38,9,28,'2006-03-10 00:00:00','2006-03-11 00:00:00',3,'Amritansh Raghav','789 28th Street','Memphis','TN','99999','USA',10.0000,0.0000,'Check','2006-03-10 00:00:00',NULL,0,NULL,3),(39,3,8,'2006-03-22 00:00:00','2006-03-24 00:00:00',3,'Elizabeth Andersen','123 8th Street','Portland','OR','99999','USA',5.0000,0.0000,'Check','2006-03-22 00:00:00',NULL,0,NULL,3),(40,4,10,'2006-03-24 00:00:00','2006-03-24 00:00:00',2,'Roland Wacker','123 10th Street','Chicago','IL','99999','USA',9.0000,0.0000,'Credit Card','2006-03-24 00:00:00',NULL,0,NULL,3),(41,1,7,'2006-03-24 00:00:00',NULL,NULL,'Ming-Yang Xie','123 7th Street','Boise','ID','99999','USA',0.0000,0.0000,NULL,NULL,NULL,0,NULL,0),(42,1,10,'2006-03-24 00:00:00','2006-04-07 00:00:00',1,'Roland Wacker','123 10th Street','Chicago','IL','99999','USA',0.0000,0.0000,NULL,NULL,NULL,0,NULL,2),(43,1,11,'2006-03-24 00:00:00',NULL,3,'Peter Krschne','123 11th Street','Miami','FL','99999','USA',0.0000,0.0000,NULL,NULL,NULL,0,NULL,0),(44,1,1,'2006-03-24 00:00:00',NULL,NULL,'Anna Bedecs','123 1st Street','Seattle','WA','99999','USA',0.0000,0.0000,NULL,NULL,NULL,0,NULL,0),(45,1,28,'2006-04-07 00:00:00','2006-04-07 00:00:00',3,'Amritansh Raghav','789 28th Street','Memphis','TN','99999','USA',40.0000,0.0000,'Credit Card','2006-04-07 00:00:00',NULL,0,NULL,3),(46,7,9,'2006-04-05 00:00:00','2006-04-05 00:00:00',1,'Sven Mortensen','123 9th Street','Salt Lake City','UT','99999','USA',100.0000,0.0000,'Check','2006-04-05 00:00:00',NULL,0,NULL,3),(47,6,6,'2006-04-08 00:00:00','2006-04-08 00:00:00',2,'Francisco Pérez-Olaeta','123 6th Street','Milwaukee','WI','99999','USA',300.0000,0.0000,'Credit Card','2006-04-08 00:00:00',NULL,0,NULL,3),(48,4,8,'2006-04-05 00:00:00','2006-04-05 00:00:00',2,'Elizabeth Andersen','123 8th Street','Portland','OR','99999','USA',50.0000,0.0000,'Check','2006-04-05 00:00:00',NULL,0,NULL,3),(50,9,25,'2006-04-05 00:00:00','2006-04-05 00:00:00',1,'John Rodman','789 25th Street','Chicago','IL','99999','USA',5.0000,0.0000,'Cash','2006-04-05 00:00:00',NULL,0,NULL,3),(51,9,26,'2006-04-05 00:00:00','2006-04-05 00:00:00',3,'Run Liu','789 26th Street','Miami','FL','99999','USA',60.0000,0.0000,'Credit Card','2006-04-05 00:00:00',NULL,0,NULL,3),(55,1,29,'2006-04-05 00:00:00','2006-04-05 00:00:00',2,'Soo Jung Lee','789 29th Street','Denver','CO','99999','USA',200.0000,0.0000,'Check','2006-04-05 00:00:00',NULL,0,NULL,3),(56,2,6,'2006-04-03 00:00:00','2006-04-03 00:00:00',3,'Francisco Pérez-Olaeta','123 6th Street','Milwaukee','WI','99999','USA',0.0000,0.0000,'Check','2006-04-03 00:00:00',NULL,0,NULL,3),(57,9,27,'2006-04-22 00:00:00','2006-04-22 00:00:00',2,'Karen Toh','789 27th Street','Las Vegas','NV','99999','USA',200.0000,0.0000,'Check','2006-04-22 00:00:00',NULL,0,NULL,0),(58,3,4,'2006-04-22 00:00:00','2006-04-22 00:00:00',1,'Christina Lee','123 4th Street','New York','NY','99999','USA',5.0000,0.0000,'Credit Card','2006-04-22 00:00:00',NULL,0,NULL,3),(59,4,12,'2006-04-22 00:00:00','2006-04-22 00:00:00',2,'John Edwards','123 12th Street','Las Vegas','NV','99999','USA',5.0000,0.0000,'Credit Card','2006-04-22 00:00:00',NULL,0,NULL,0),(60,6,8,'2006-04-30 00:00:00','2006-04-30 00:00:00',3,'Elizabeth Andersen','123 8th Street','Portland','OR','99999','USA',50.0000,0.0000,'Credit Card','2006-04-30 00:00:00',NULL,0,NULL,3),(61,9,4,'2006-04-07 00:00:00','2006-04-07 00:00:00',3,'Christina Lee','123 4th Street','New York','NY','99999','USA',4.0000,0.0000,'Check','2006-04-07 00:00:00',NULL,0,NULL,0),(62,3,29,'2006-04-12 00:00:00','2006-04-12 00:00:00',2,'Soo Jung Lee','789 29th Street','Denver','CO','99999','USA',7.0000,0.0000,'Check','2006-04-12 00:00:00',NULL,0,NULL,0),(63,4,3,'2006-04-25 00:00:00','2006-04-25 00:00:00',2,'Thomas Axen','123 3rd Street','Los Angelas','CA','99999','USA',7.0000,0.0000,'Cash','2006-04-25 00:00:00',NULL,0,NULL,3),(64,8,6,'2006-05-09 00:00:00','2006-05-09 00:00:00',2,'Francisco Pérez-Olaeta','123 6th Street','Milwaukee','WI','99999','USA',12.0000,0.0000,'Credit Card','2006-05-09 00:00:00',NULL,0,NULL,0),(65,9,28,'2006-05-11 00:00:00','2006-05-11 00:00:00',3,'Amritansh Raghav','789 28th Street','Memphis','TN','99999','USA',10.0000,0.0000,'Check','2006-05-11 00:00:00',NULL,0,NULL,0),(66,3,8,'2006-05-24 00:00:00','2006-05-24 00:00:00',3,'Elizabeth Andersen','123 8th Street','Portland','OR','99999','USA',5.0000,0.0000,'Check','2006-05-24 00:00:00',NULL,0,NULL,0),(67,4,10,'2006-05-24 00:00:00','2006-05-24 00:00:00',2,'Roland Wacker','123 10th Street','Chicago','IL','99999','USA',9.0000,0.0000,'Credit Card','2006-05-24 00:00:00',NULL,0,NULL,3),(68,1,7,'2006-05-24 00:00:00',NULL,NULL,'Ming-Yang Xie','123 7th Street','Boise','ID','99999','USA',0.0000,0.0000,NULL,NULL,NULL,0,NULL,0),(69,1,10,'2006-05-24 00:00:00',NULL,1,'Roland Wacker','123 10th Street','Chicago','IL','99999','USA',0.0000,0.0000,NULL,NULL,NULL,0,NULL,0),(70,1,11,'2006-05-24 00:00:00',NULL,3,'Peter Krschne','123 11th Street','Miami','FL','99999','USA',0.0000,0.0000,NULL,NULL,NULL,0,NULL,0),(71,1,1,'2006-05-24 00:00:00',NULL,3,'Anna Bedecs','123 1st Street','Seattle','WA','99999','USA',0.0000,0.0000,NULL,NULL,NULL,0,NULL,0),(72,1,28,'2006-06-07 00:00:00','2006-06-07 00:00:00',3,'Amritansh Raghav','789 28th Street','Memphis','TN','99999','USA',40.0000,0.0000,'Credit Card','2006-06-07 00:00:00',NULL,0,NULL,3),(73,7,9,'2006-06-05 00:00:00','2006-06-05 00:00:00',1,'Sven Mortensen','123 9th Street','Salt Lake City','UT','99999','USA',100.0000,0.0000,'Check','2006-06-05 00:00:00',NULL,0,NULL,3),(74,6,6,'2006-06-08 00:00:00','2006-06-08 00:00:00',2,'Francisco Pérez-Olaeta','123 6th Street','Milwaukee','WI','99999','USA',300.0000,0.0000,'Credit Card','2006-06-08 00:00:00',NULL,0,NULL,3),(75,4,8,'2006-06-05 00:00:00','2006-06-05 00:00:00',2,'Elizabeth Andersen','123 8th Street','Portland','OR','99999','USA',50.0000,0.0000,'Check','2006-06-05 00:00:00',NULL,0,NULL,3),(76,9,25,'2006-06-05 00:00:00','2006-06-05 00:00:00',1,'John Rodman','789 25th Street','Chicago','IL','99999','USA',5.0000,0.0000,'Cash','2006-06-05 00:00:00',NULL,0,NULL,3),(77,9,26,'2006-06-05 00:00:00','2006-06-05 00:00:00',3,'Run Liu','789 26th Street','Miami','FL','99999','USA',60.0000,0.0000,'Credit Card','2006-06-05 00:00:00',NULL,0,NULL,3),(78,1,29,'2006-06-05 00:00:00','2006-06-05 00:00:00',2,'Soo Jung Lee','789 29th Street','Denver','CO','99999','USA',200.0000,0.0000,'Check','2006-06-05 00:00:00',NULL,0,NULL,3),(79,2,6,'2006-06-23 00:00:00','2006-06-23 00:00:00',3,'Francisco Pérez-Olaeta','123 6th Street','Milwaukee','WI','99999','USA',0.0000,0.0000,'Check','2006-06-23 00:00:00',NULL,0,NULL,3),(80,2,4,'2006-04-25 17:03:55',NULL,NULL,'Christina Lee','123 4th Street','New York','NY','99999','USA',0.0000,0.0000,NULL,NULL,NULL,0,NULL,0),(81,2,3,'2006-04-25 17:26:53',NULL,NULL,'Thomas Axen','123 3rd Street','Los Angelas','CA','99999','USA',0.0000,0.0000,NULL,NULL,NULL,0,NULL,0);
/*!40000 ALTER TABLE `orders` ENABLE KEYS */;
UNLOCK TABLES;

--
-- Table structure for table `orders_status`
--

DROP TABLE IF EXISTS `orders_status`;
/*!40101 SET @saved_cs_client     = @@character_set_client */;
/*!50503 SET character_set_client = utf8mb4 */;
CREATE TABLE `orders_status` (
  `id` tinyint NOT NULL,
  `status_name` varchar(50) NOT NULL,
  PRIMARY KEY (`id`)
) ENGINE=InnoDB DEFAULT CHARSET=utf8mb3;
/*!40101 SET character_set_client = @saved_cs_client */;

--
-- Dumping data for table `orders_status`
--

LOCK TABLES `orders_status` WRITE;
/*!40000 ALTER TABLE `orders_status` DISABLE KEYS */;
INSERT INTO `orders_status` VALUES (0,'New'),(1,'Invoiced'),(2,'Shipped'),(3,'Closed');
/*!40000 ALTER TABLE `orders_status` ENABLE KEYS */;
UNLOCK TABLES;

--
-- Table structure for table `orders_tax_status`
--

DROP TABLE IF EXISTS `orders_tax_status`;
/*!40101 SET @saved_cs_client     = @@character_set_client */;
/*!50503 SET character_set_client = utf8mb4 */;
CREATE TABLE `orders_tax_status` (
  `id` tinyint NOT NULL,
  `tax_status_name` varchar(50) NOT NULL,
  PRIMARY KEY (`id`)
) ENGINE=InnoDB DEFAULT CHARSET=utf8mb3;
/*!40101 SET character_set_client = @saved_cs_client */;

--
-- Dumping data for table `orders_tax_status`
--

LOCK TABLES `orders_tax_status` WRITE;
/*!40000 ALTER TABLE `orders_tax_status` DISABLE KEYS */;
INSERT INTO `orders_tax_status` VALUES (0,'Tax Exempt'),(1,'Taxable');
/*!40000 ALTER TABLE `orders_tax_status` ENABLE KEYS */;
UNLOCK TABLES;

--
-- Table structure for table `privileges`
--

DROP TABLE IF EXISTS `privileges`;
/*!40101 SET @saved_cs_client     = @@character_set_client */;
/*!50503 SET character_set_client = utf8mb4 */;
CREATE TABLE `privileges` (
  `id` int NOT NULL AUTO_INCREMENT,
  `privilege_name` varchar(50) DEFAULT NULL,
  PRIMARY KEY (`id`)
) ENGINE=InnoDB AUTO_INCREMENT=3 DEFAULT CHARSET=utf8mb3;
/*!40101 SET character_set_client = @saved_cs_client */;

--
-- Dumping data for table `privileges`
--

LOCK TABLES `privileges` WRITE;
/*!40000 ALTER TABLE `privileges` DISABLE KEYS */;
INSERT INTO `privileges` VALUES (2,'Purchase Approvals');
/*!40000 ALTER TABLE `privileges` ENABLE KEYS */;
UNLOCK TABLES;

--
-- Table structure for table `products`
--

DROP TABLE IF EXISTS `products`;
/*!40101 SET @saved_cs_client     = @@character_set_client */;
/*!50503 SET character_set_client = utf8mb4 */;
CREATE TABLE `products` (
  `supplier_ids` longtext,
  `id` int NOT NULL AUTO_INCREMENT,
  `product_code` varchar(25) DEFAULT NULL,
  `product_name` varchar(50) DEFAULT NULL,
  `description` longtext,
  `standard_cost` decimal(19,4) DEFAULT '0.0000',
  `list_price` decimal(19,4) NOT NULL DEFAULT '0.0000',
  `reorder_level` int DEFAULT NULL,
  `target_level` int DEFAULT NULL,
  `quantity_per_unit` varchar(50) DEFAULT NULL,
  `discontinued` tinyint(1) NOT NULL DEFAULT '0',
  `minimum_reorder_quantity` int DEFAULT NULL,
  `category` varchar(50) DEFAULT NULL,
  `attachments` longblob,
  PRIMARY KEY (`id`),
  KEY `product_code` (`product_code`)
) ENGINE=InnoDB AUTO_INCREMENT=100 DEFAULT CHARSET=utf8mb3;
/*!40101 SET character_set_client = @saved_cs_client */;

--
-- Dumping data for table `products`
--

LOCK TABLES `products` WRITE;
/*!40000 ALTER TABLE `products` DISABLE KEYS */;
INSERT INTO `products` VALUES ('4',1,'NWTB-1','Northwind Traders Chai',NULL,13.5000,18.0000,10,40,'10 boxes x 20 bags',0,10,'Beverages',''),('10',3,'NWTCO-3','Northwind Traders Syrup',NULL,7.5000,10.0000,25,100,'12 - 550 ml bottles',0,25,'Condiments',''),('10',4,'NWTCO-4','Northwind Traders Cajun Seasoning',NULL,16.5000,22.0000,10,40,'48 - 6 oz jars',0,10,'Condiments',''),('10',5,'NWTO-5','Northwind Traders Olive Oil',NULL,16.0125,21.3500,10,40,'36 boxes',0,10,'Oil',''),('2;6',6,'NWTJP-6','Northwind Traders Boysenberry Spread',NULL,18.7500,25.0000,25,100,'12 - 8 oz jars',0,25,'Jams, Preserves',''),('2',7,'NWTDFN-7','Northwind Traders Dried Pears',NULL,22.5000,30.0000,10,40,'12 - 1 lb pkgs.',0,10,'Dried Fruit & Nuts',''),('8',8,'NWTS-8','Northwind Traders Curry Sauce',NULL,30.0000,40.0000,10,40,'12 - 12 oz jars',0,10,'Sauces',''),('2;6',14,'NWTDFN-14','Northwind Traders Walnuts',NULL,17.4375,23.2500,10,40,'40 - 100 g pkgs.',0,10,'Dried Fruit & Nuts',''),('6',17,'NWTCFV-17','Northwind Traders Fruit Cocktail',NULL,29.2500,39.0000,10,40,'15.25 OZ',0,10,'Canned Fruit & Vegetables',''),('1',19,'NWTBGM-19','Northwind Traders Chocolate Biscuits Mix',NULL,6.9000,9.2000,5,20,'10 boxes x 12 pieces',0,5,'Baked Goods & Mixes',''),('2;6',20,'NWTJP-6','Northwind Traders Marmalade',NULL,60.7500,81.0000,10,40,'30 gift boxes',0,10,'Jams, Preserves',''),('1',21,'NWTBGM-21','Northwind Traders Scones',NULL,7.5000,10.0000,5,20,'24 pkgs. x 4 pieces',0,5,'Baked Goods & Mixes',''),('4',34,'NWTB-34','Northwind Traders Beer',NULL,10.5000,14.0000,15,60,'24 - 12 oz bottles',0,15,'Beverages',''),('7',40,'NWTCM-40','Northwind Traders Crab Meat',NULL,13.8000,18.4000,30,120,'24 - 4 oz tins',0,30,'Canned Meat',''),('6',41,'NWTSO-41','Northwind Traders Clam Chowder',NULL,7.2375,9.6500,10,40,'12 - 12 oz cans',0,10,'Soups',''),('3;4',43,'NWTB-43','Northwind Traders Coffee',NULL,34.5000,46.0000,25,100,'16 - 500 g tins',0,25,'Beverages',''),('10',48,'NWTCA-48','Northwind Traders Chocolate',NULL,9.5625,12.7500,25,100,'10 pkgs',0,25,'Candy',''),('2',51,'NWTDFN-51','Northwind Traders Dried Apples',NULL,39.7500,53.0000,10,40,'50 - 300 g pkgs.',0,10,'Dried Fruit & Nuts',''),('1',52,'NWTG-52','Northwind Traders Long Grain Rice',NULL,5.2500,7.0000,25,100,'16 - 2 kg boxes',0,25,'Grains',''),('1',56,'NWTP-56','Northwind Traders Gnocchi',NULL,28.5000,38.0000,30,120,'24 - 250 g pkgs.',0,30,'Pasta',''),('1',57,'NWTP-57','Northwind Traders Ravioli',NULL,14.6250,19.5000,20,80,'24 - 250 g pkgs.',0,20,'Pasta',''),('8',65,'NWTS-65','Northwind Traders Hot Pepper Sauce',NULL,15.7875,21.0500,10,40,'32 - 8 oz bottles',0,10,'Sauces',''),('8',66,'NWTS-66','Northwind Traders Tomato Sauce',NULL,12.7500,17.0000,20,80,'24 - 8 oz jars',0,20,'Sauces',''),('5',72,'NWTD-72','Northwind Traders Mozzarella',NULL,26.1000,34.8000,10,40,'24 - 200 g pkgs.',0,10,'Dairy products',''),('2;6',74,'NWTDFN-74','Northwind Traders Almonds',NULL,7.5000,10.0000,5,20,'5 kg pkg.',0,5,'Dried Fruit & Nuts',''),('10',77,'NWTCO-77','Northwind Traders Mustard',NULL,9.7500,13.0000,15,60,'12 boxes',0,15,'Condiments',''),('2',80,'NWTDFN-80','Northwind Traders Dried Plums',NULL,3.0000,3.5000,50,75,'1 lb bag',0,25,'Dried Fruit & Nuts',''),('3',81,'NWTB-81','Northwind Traders Green Tea',NULL,2.0000,2.9900,100,125,'20 bags per box',0,25,'Beverages',''),('1',82,'NWTC-82','Northwind Traders Granola',NULL,2.0000,4.0000,20,100,NULL,0,NULL,'Cereal',''),('9',83,'NWTCS-83','Northwind Traders Potato Chips',NULL,0.5000,1.8000,30,200,NULL,0,NULL,'Chips, Snacks',''),('1',85,'NWTBGM-85','Northwind Traders Brownie Mix',NULL,9.0000,12.4900,10,20,'3 boxes',0,5,'Baked Goods & Mixes',''),('1',86,'NWTBGM-86','Northwind Traders Cake Mix',NULL,10.5000,15.9900,10,20,'4 boxes',0,5,'Baked Goods & Mixes',''),('7',87,'NWTB-87','Northwind Traders Tea',NULL,2.0000,4.0000,20,50,'100 count per box',0,NULL,'Beverages',''),('6',88,'NWTCFV-88','Northwind Traders Pears',NULL,1.0000,1.3000,10,40,'15.25 OZ',0,NULL,'Canned Fruit & Vegetables',''),('6',89,'NWTCFV-89','Northwind Traders Peaches',NULL,1.0000,1.5000,10,40,'15.25 OZ',0,NULL,'Canned Fruit & Vegetables',''),('6',90,'NWTCFV-90','Northwind Traders Pineapple',NULL,1.0000,1.8000,10,40,'15.25 OZ',0,NULL,'Canned Fruit & Vegetables',''),('6',91,'NWTCFV-91','Northwind Traders Cherry Pie Filling',NULL,1.0000,2.0000,10,40,'15.25 OZ',0,NULL,'Canned Fruit & Vegetables',''),('6',92,'NWTCFV-92','Northwind Traders Green Beans',NULL,1.0000,1.2000,10,40,'14.5 OZ',0,NULL,'Canned Fruit & Vegetables',''),('6',93,'NWTCFV-93','Northwind Traders Corn',NULL,1.0000,1.2000,10,40,'14.5 OZ',0,NULL,'Canned Fruit & Vegetables',''),('6',94,'NWTCFV-94','Northwind Traders Peas',NULL,1.0000,1.5000,10,40,'14.5 OZ',0,NULL,'Canned Fruit & Vegetables',''),('7',95,'NWTCM-95','Northwind Traders Tuna Fish',NULL,0.5000,2.0000,30,50,'5 oz',0,NULL,'Canned Meat',''),('7',96,'NWTCM-96','Northwind Traders Smoked Salmon',NULL,2.0000,4.0000,30,50,'5 oz',0,NULL,'Canned Meat',''),('1',97,'NWTC-82','Northwind Traders Hot Cereal',NULL,3.0000,5.0000,50,200,NULL,0,NULL,'Cereal',''),('6',98,'NWTSO-98','Northwind Traders Vegetable Soup',NULL,1.0000,1.8900,100,200,NULL,0,NULL,'Soups',''),('6',99,'NWTSO-99','Northwind Traders Chicken Soup',NULL,1.0000,1.9500,100,200,NULL,0,NULL,'Soups','');
/*!40000 ALTER TABLE `products` ENABLE KEYS */;
UNLOCK TABLES;

--
-- Table structure for table `purchase_order_details`
--

DROP TABLE IF EXISTS `purchase_order_details`;
/*!40101 SET @saved_cs_client     = @@character_set_client */;
/*!50503 SET character_set_client = utf8mb4 */;
CREATE TABLE `purchase_order_details` (
  `id` int NOT NULL AUTO_INCREMENT,
  `purchase_order_id` int NOT NULL,
  `product_id` int DEFAULT NULL,
  `quantity` decimal(18,4) NOT NULL,
  `unit_cost` decimal(19,4) NOT NULL,
  `date_received` datetime DEFAULT NULL,
  `posted_to_inventory` tinyint(1) NOT NULL DEFAULT '0',
  `inventory_id` int DEFAULT NULL,
  PRIMARY KEY (`id`),
  KEY `id` (`id`),
  KEY `inventory_id` (`inventory_id`),
  KEY `inventory_id_2` (`inventory_id`),
  KEY `purchase_order_id` (`purchase_order_id`),
  KEY `product_id` (`product_id`),
  KEY `product_id_2` (`product_id`),
  KEY `purchase_order_id_2` (`purchase_order_id`),
  CONSTRAINT `fk_purchase_order_details_inventory_transactions1` FOREIGN KEY (`inventory_id`) REFERENCES `inventory_transactions` (`id`),
  CONSTRAINT `fk_purchase_order_details_products1` FOREIGN KEY (`product_id`) REFERENCES `products` (`id`),
  CONSTRAINT `fk_purchase_order_details_purchase_orders1` FOREIGN KEY (`purchase_order_id`) REFERENCES `purchase_orders` (`id`)
) ENGINE=InnoDB AUTO_INCREMENT=296 DEFAULT CHARSET=utf8mb3;
/*!40101 SET character_set_client = @saved_cs_client */;

--
-- Dumping data for table `purchase_order_details`
--

LOCK TABLES `purchase_order_details` WRITE;
/*!40000 ALTER TABLE `purchase_order_details` DISABLE KEYS */;
INSERT INTO `purchase_order_details` VALUES (238,90,1,40.0000,14.0000,'2006-01-22 00:00:00',1,59),(239,91,3,100.0000,8.0000,'2006-01-22 00:00:00',1,54),(240,91,4,40.0000,16.0000,'2006-01-22 00:00:00',1,55),(241,91,5,40.0000,16.0000,'2006-01-22 00:00:00',1,56),(242,92,6,100.0000,19.0000,'2006-01-22 00:00:00',1,40),(243,92,7,40.0000,22.0000,'2006-01-22 00:00:00',1,41),(244,92,8,40.0000,30.0000,'2006-01-22 00:00:00',1,42),(245,92,14,40.0000,17.0000,'2006-01-22 00:00:00',1,43),(246,92,17,40.0000,29.0000,'2006-01-22 00:00:00',1,44),(247,92,19,20.0000,7.0000,'2006-01-22 00:00:00',1,45),(248,92,20,40.0000,61.0000,'2006-01-22 00:00:00',1,46),(249,92,21,20.0000,8.0000,'2006-01-22 00:00:00',1,47),(250,90,34,60.0000,10.0000,'2006-01-22 00:00:00',1,60),(251,92,40,120.0000,14.0000,'2006-01-22 00:00:00',1,48),(252,92,41,40.0000,7.0000,'2006-01-22 00:00:00',1,49),(253,90,43,100.0000,34.0000,'2006-01-22 00:00:00',1,61),(254,92,48,100.0000,10.0000,'2006-01-22 00:00:00',1,50),(255,92,51,40.0000,40.0000,'2006-01-22 00:00:00',1,51),(256,93,52,100.0000,5.0000,'2006-01-22 00:00:00',1,37),(257,93,56,120.0000,28.0000,'2006-01-22 00:00:00',1,38),(258,93,57,80.0000,15.0000,'2006-01-22 00:00:00',1,39),(259,91,65,40.0000,16.0000,'2006-01-22 00:00:00',1,57),(260,91,66,80.0000,13.0000,'2006-01-22 00:00:00',1,58),(261,94,72,40.0000,26.0000,'2006-01-22 00:00:00',1,36),(262,92,74,20.0000,8.0000,'2006-01-22 00:00:00',1,52),(263,92,77,60.0000,10.0000,'2006-01-22 00:00:00',1,53),(264,95,80,75.0000,3.0000,'2006-01-22 00:00:00',1,35),(265,90,81,125.0000,2.0000,'2006-01-22 00:00:00',1,62),(266,96,34,100.0000,10.0000,'2006-01-22 00:00:00',1,82),(267,97,19,30.0000,7.0000,'2006-01-22 00:00:00',1,80),(268,98,41,200.0000,7.0000,'2006-01-22 00:00:00',1,78),(269,99,43,300.0000,34.0000,'2006-01-22 00:00:00',1,76),(270,100,48,100.0000,10.0000,'2006-01-22 00:00:00',1,74),(271,101,81,200.0000,2.0000,'2006-01-22 00:00:00',1,72),(272,102,43,300.0000,34.0000,NULL,0,NULL),(273,103,19,10.0000,7.0000,'2006-04-17 00:00:00',1,111),(274,104,41,50.0000,7.0000,'2006-04-06 00:00:00',1,115),(275,105,57,100.0000,15.0000,'2006-04-05 00:00:00',1,100),(276,106,72,50.0000,26.0000,'2006-04-05 00:00:00',1,113),(277,107,34,300.0000,10.0000,'2006-04-05 00:00:00',1,107),(278,108,8,25.0000,30.0000,'2006-04-05 00:00:00',1,105),(279,109,19,25.0000,7.0000,'2006-04-05 00:00:00',1,109),(280,110,43,250.0000,34.0000,'2006-04-10 00:00:00',1,103),(281,90,1,40.0000,14.0000,NULL,0,NULL),(282,92,19,20.0000,7.0000,NULL,0,NULL),(283,111,34,50.0000,10.0000,'2006-04-04 00:00:00',1,102),(285,91,3,50.0000,8.0000,NULL,0,NULL),(286,91,4,40.0000,16.0000,NULL,0,NULL),(288,140,85,10.0000,9.0000,NULL,0,NULL),(289,141,6,10.0000,18.7500,NULL,0,NULL),(290,142,1,1.0000,13.5000,NULL,0,NULL),(292,146,20,40.0000,60.0000,NULL,0,NULL),(293,146,51,40.0000,39.0000,NULL,0,NULL),(294,147,40,120.0000,13.0000,NULL,0,NULL),(295,148,72,40.0000,26.0000,NULL,0,NULL);
/*!40000 ALTER TABLE `purchase_order_details` ENABLE KEYS */;
UNLOCK TABLES;

--
-- Table structure for table `purchase_order_status`
--

DROP TABLE IF EXISTS `purchase_order_status`;
/*!40101 SET @saved_cs_client     = @@character_set_client */;
/*!50503 SET character_set_client = utf8mb4 */;
CREATE TABLE `purchase_order_status` (
  `id` int NOT NULL,
  `status` varchar(50) DEFAULT NULL,
  PRIMARY KEY (`id`)
) ENGINE=InnoDB DEFAULT CHARSET=utf8mb3;
/*!40101 SET character_set_client = @saved_cs_client */;

--
-- Dumping data for table `purchase_order_status`
--

LOCK TABLES `purchase_order_status` WRITE;
/*!40000 ALTER TABLE `purchase_order_status` DISABLE KEYS */;
INSERT INTO `purchase_order_status` VALUES (0,'New'),(1,'Submitted'),(2,'Approved'),(3,'Closed');
/*!40000 ALTER TABLE `purchase_order_status` ENABLE KEYS */;
UNLOCK TABLES;

--
-- Table structure for table `purchase_orders`
--

DROP TABLE IF EXISTS `purchase_orders`;
/*!40101 SET @saved_cs_client     = @@character_set_client */;
/*!50503 SET character_set_client = utf8mb4 */;
CREATE TABLE `purchase_orders` (
  `id` int NOT NULL AUTO_INCREMENT,
  `supplier_id` int DEFAULT NULL,
  `created_by` int DEFAULT NULL,
  `submitted_date` datetime DEFAULT NULL,
  `creation_date` datetime DEFAULT NULL,
  `status_id` int DEFAULT '0',
  `expected_date` datetime DEFAULT NULL,
  `shipping_fee` decimal(19,4) NOT NULL DEFAULT '0.0000',
  `taxes` decimal(19,4) NOT NULL DEFAULT '0.0000',
  `payment_date` datetime DEFAULT NULL,
  `payment_amount` decimal(19,4) DEFAULT '0.0000',
  `payment_method` varchar(50) DEFAULT NULL,
  `notes` longtext,
  `approved_by` int DEFAULT NULL,
  `approved_date` datetime DEFAULT NULL,
  `submitted_by` int DEFAULT NULL,
  PRIMARY KEY (`id`),
  UNIQUE KEY `id` (`id`),
  KEY `created_by` (`created_by`),
  KEY `status_id` (`status_id`),
  KEY `id_2` (`id`),
  KEY `supplier_id` (`supplier_id`),
  KEY `supplier_id_2` (`supplier_id`),
  CONSTRAINT `fk_purchase_orders_employees1` FOREIGN KEY (`created_by`) REFERENCES `employees` (`id`),
  CONSTRAINT `fk_purchase_orders_purchase_order_status1` FOREIGN KEY (`status_id`) REFERENCES `purchase_order_status` (`id`),
  CONSTRAINT `fk_purchase_orders_suppliers1` FOREIGN KEY (`supplier_id`) REFERENCES `suppliers` (`id`)
) ENGINE=InnoDB AUTO_INCREMENT=149 DEFAULT CHARSET=utf8mb3;
/*!40101 SET character_set_client = @saved_cs_client */;

--
-- Dumping data for table `purchase_orders`
--

LOCK TABLES `purchase_orders` WRITE;
/*!40000 ALTER TABLE `purchase_orders` DISABLE KEYS */;
INSERT INTO `purchase_orders` VALUES (90,1,2,'2006-01-14 00:00:00','2006-01-22 00:00:00',2,NULL,0.0000,0.0000,NULL,0.0000,NULL,NULL,2,'2006-01-22 00:00:00',2),(91,3,2,'2006-01-14 00:00:00','2006-01-22 00:00:00',2,NULL,0.0000,0.0000,NULL,0.0000,NULL,NULL,2,'2006-01-22 00:00:00',2),(92,2,2,'2006-01-14 00:00:00','2006-01-22 00:00:00',2,NULL,0.0000,0.0000,NULL,0.0000,NULL,NULL,2,'2006-01-22 00:00:00',2),(93,5,2,'2006-01-14 00:00:00','2006-01-22 00:00:00',2,NULL,0.0000,0.0000,NULL,0.0000,NULL,NULL,2,'2006-01-22 00:00:00',2),(94,6,2,'2006-01-14 00:00:00','2006-01-22 00:00:00',2,NULL,0.0000,0.0000,NULL,0.0000,NULL,NULL,2,'2006-01-22 00:00:00',2),(95,4,2,'2006-01-14 00:00:00','2006-01-22 00:00:00',2,NULL,0.0000,0.0000,NULL,0.0000,NULL,NULL,2,'2006-01-22 00:00:00',2),(96,1,5,'2006-01-14 00:00:00','2006-01-22 00:00:00',2,NULL,0.0000,0.0000,NULL,0.0000,NULL,'Purchase generated based on Order #30',2,'2006-01-22 00:00:00',5),(97,2,7,'2006-01-14 00:00:00','2006-01-22 00:00:00',2,NULL,0.0000,0.0000,NULL,0.0000,NULL,'Purchase generated based on Order #33',2,'2006-01-22 00:00:00',7),(98,2,4,'2006-01-14 00:00:00','2006-01-22 00:00:00',2,NULL,0.0000,0.0000,NULL,0.0000,NULL,'Purchase generated based on Order #36',2,'2006-01-22 00:00:00',4),(99,1,3,'2006-01-14 00:00:00','2006-01-22 00:00:00',2,NULL,0.0000,0.0000,NULL,0.0000,NULL,'Purchase generated based on Order #38',2,'2006-01-22 00:00:00',3),(100,2,9,'2006-01-14 00:00:00','2006-01-22 00:00:00',2,NULL,0.0000,0.0000,NULL,0.0000,NULL,'Purchase generated based on Order #39',2,'2006-01-22 00:00:00',9),(101,1,2,'2006-01-14 00:00:00','2006-01-22 00:00:00',2,NULL,0.0000,0.0000,NULL,0.0000,NULL,'Purchase generated based on Order #40',2,'2006-01-22 00:00:00',2),(102,1,1,'2006-03-24 00:00:00','2006-03-24 00:00:00',2,NULL,0.0000,0.0000,NULL,0.0000,NULL,'Purchase generated based on Order #41',2,'2006-04-04 00:00:00',1),(103,2,1,'2006-03-24 00:00:00','2006-03-24 00:00:00',2,NULL,0.0000,0.0000,NULL,0.0000,NULL,'Purchase generated based on Order #42',2,'2006-04-04 00:00:00',1),(104,2,1,'2006-03-24 00:00:00','2006-03-24 00:00:00',2,NULL,0.0000,0.0000,NULL,0.0000,NULL,'Purchase generated based on Order #45',2,'2006-04-04 00:00:00',1),(105,5,7,'2006-03-24 00:00:00','2006-03-24 00:00:00',2,NULL,0.0000,0.0000,NULL,0.0000,'Check','Purchase generated based on Order #46',2,'2006-04-04 00:00:00',7),(106,6,7,'2006-03-24 00:00:00','2006-03-24 00:00:00',2,NULL,0.0000,0.0000,NULL,0.0000,NULL,'Purchase generated based on Order #46',2,'2006-04-04 00:00:00',7),(107,1,6,'2006-03-24 00:00:00','2006-03-24 00:00:00',2,NULL,0.0000,0.0000,NULL,0.0000,NULL,'Purchase generated based on Order #47',2,'2006-04-04 00:00:00',6),(108,2,4,'2006-03-24 00:00:00','2006-03-24 00:00:00',2,NULL,0.0000,0.0000,NULL,0.0000,NULL,'Purchase generated based on Order #48',2,'2006-04-04 00:00:00',4),(109,2,4,'2006-03-24 00:00:00','2006-03-24 00:00:00',2,NULL,0.0000,0.0000,NULL,0.0000,NULL,'Purchase generated based on Order #48',2,'2006-04-04 00:00:00',4),(110,1,3,'2006-03-24 00:00:00','2006-03-24 00:00:00',2,NULL,0.0000,0.0000,NULL,0.0000,NULL,'Purchase generated based on Order #49',2,'2006-04-04 00:00:00',3),(111,1,2,'2006-03-31 00:00:00','2006-03-31 00:00:00',2,NULL,0.0000,0.0000,NULL,0.0000,NULL,'Purchase generated based on Order #56',2,'2006-04-04 00:00:00',2),(140,6,NULL,'2006-04-25 00:00:00','2006-04-25 16:40:51',2,NULL,0.0000,0.0000,NULL,0.0000,NULL,NULL,2,'2006-04-25 16:41:33',2),(141,8,NULL,'2006-04-25 00:00:00','2006-04-25 17:10:35',2,NULL,0.0000,0.0000,NULL,0.0000,NULL,NULL,2,'2006-04-25 17:10:55',2),(142,8,NULL,'2006-04-25 00:00:00','2006-04-25 17:18:29',2,NULL,0.0000,0.0000,NULL,0.0000,'Check',NULL,2,'2006-04-25 17:18:51',2),(146,2,2,'2006-04-26 18:26:37','2006-04-26 18:26:37',1,NULL,0.0000,0.0000,NULL,0.0000,NULL,NULL,NULL,NULL,2),(147,7,2,'2006-04-26 18:33:28','2006-04-26 18:33:28',1,NULL,0.0000,0.0000,NULL,0.0000,NULL,NULL,NULL,NULL,2),(148,5,2,'2006-04-26 18:33:52','2006-04-26 18:33:52',1,NULL,0.0000,0.0000,NULL,0.0000,NULL,NULL,NULL,NULL,2);
/*!40000 ALTER TABLE `purchase_orders` ENABLE KEYS */;
UNLOCK TABLES;

--
-- Table structure for table `sales_reports`
--

DROP TABLE IF EXISTS `sales_reports`;
/*!40101 SET @saved_cs_client     = @@character_set_client */;
/*!50503 SET character_set_client = utf8mb4 */;
CREATE TABLE `sales_reports` (
  `group_by` varchar(50) NOT NULL,
  `display` varchar(50) DEFAULT NULL,
  `title` varchar(50) DEFAULT NULL,
  `filter_row_source` longtext,
  `default` tinyint(1) NOT NULL DEFAULT '0',
  PRIMARY KEY (`group_by`)
) ENGINE=InnoDB DEFAULT CHARSET=utf8mb3;
/*!40101 SET character_set_client = @saved_cs_client */;

--
-- Dumping data for table `sales_reports`
--

LOCK TABLES `sales_reports` WRITE;
/*!40000 ALTER TABLE `sales_reports` DISABLE KEYS */;
INSERT INTO `sales_reports` VALUES ('Category','Category','Sales By Category','SELECT DISTINCT [Category] FROM [products] ORDER BY [Category];',0),('country_region','Country/Region','Sales By Country','SELECT DISTINCT [country_region] FROM [customers Extended] ORDER BY [country_region];',0),('Customer ID','Customer','Sales By Customer','SELECT DISTINCT [Company] FROM [customers Extended] ORDER BY [Company];',0),('employee_id','Employee','Sales By Employee','SELECT DISTINCT [Employee Name] FROM [employees Extended] ORDER BY [Employee Name];',0),('Product ID','Product','Sales by Product','SELECT DISTINCT [Product Name] FROM [products] ORDER BY [Product Name];',1);
/*!40000 ALTER TABLE `sales_reports` ENABLE KEYS */;
UNLOCK TABLES;

--
-- Table structure for table `shippers`
--

DROP TABLE IF EXISTS `shippers`;
/*!40101 SET @saved_cs_client     = @@character_set_client */;
/*!50503 SET character_set_client = utf8mb4 */;
CREATE TABLE `shippers` (
  `id` int NOT NULL AUTO_INCREMENT,
  `company` varchar(50) DEFAULT NULL,
  `last_name` varchar(50) DEFAULT NULL,
  `first_name` varchar(50) DEFAULT NULL,
  `email_address` varchar(50) DEFAULT NULL,
  `job_title` varchar(50) DEFAULT NULL,
  `business_phone` varchar(25) DEFAULT NULL,
  `home_phone` varchar(25) DEFAULT NULL,
  `mobile_phone` varchar(25) DEFAULT NULL,
  `fax_number` varchar(25) DEFAULT NULL,
  `address` longtext,
  `city` varchar(50) DEFAULT NULL,
  `state_province` varchar(50) DEFAULT NULL,
  `zip_postal_code` varchar(15) DEFAULT NULL,
  `country_region` varchar(50) DEFAULT NULL,
  `web_page` longtext,
  `notes` longtext,
  `attachments` longblob,
  PRIMARY KEY (`id`),
  KEY `city` (`city`),
  KEY `company` (`company`),
  KEY `first_name` (`first_name`),
  KEY `last_name` (`last_name`),
  KEY `zip_postal_code` (`zip_postal_code`),
  KEY `state_province` (`state_province`)
) ENGINE=InnoDB AUTO_INCREMENT=4 DEFAULT CHARSET=utf8mb3;
/*!40101 SET character_set_client = @saved_cs_client */;

--
-- Dumping data for table `shippers`
--

LOCK TABLES `shippers` WRITE;
/*!40000 ALTER TABLE `shippers` DISABLE KEYS */;
INSERT INTO `shippers` VALUES (1,'Shipping Company A',NULL,NULL,NULL,NULL,NULL,NULL,NULL,NULL,'123 Any Street','Memphis','TN','99999','USA',NULL,NULL,''),(2,'Shipping Company B',NULL,NULL,NULL,NULL,NULL,NULL,NULL,NULL,'123 Any Street','Memphis','TN','99999','USA',NULL,NULL,''),(3,'Shipping Company C',NULL,NULL,NULL,NULL,NULL,NULL,NULL,NULL,'123 Any Street','Memphis','TN','99999','USA',NULL,NULL,'');
/*!40000 ALTER TABLE `shippers` ENABLE KEYS */;
UNLOCK TABLES;

--
-- Table structure for table `strings`
--

DROP TABLE IF EXISTS `strings`;
/*!40101 SET @saved_cs_client     = @@character_set_client */;
/*!50503 SET character_set_client = utf8mb4 */;
CREATE TABLE `strings` (
  `string_id` int NOT NULL AUTO_INCREMENT,
  `string_data` varchar(255) DEFAULT NULL,
  PRIMARY KEY (`string_id`)
) ENGINE=InnoDB AUTO_INCREMENT=115 DEFAULT CHARSET=utf8mb3;
/*!40101 SET character_set_client = @saved_cs_client */;

--
-- Dumping data for table `strings`
--

LOCK TABLES `strings` WRITE;
/*!40000 ALTER TABLE `strings` DISABLE KEYS */;
INSERT INTO `strings` VALUES (2,'Northwind Traders'),(3,'Cannot remove posted inventory!'),(4,'Back ordered product filled for Order #|'),(5,'Discounted price below cost!'),(6,'Insufficient inventory.'),(7,'Insufficient inventory. Do you want to create a purchase order?'),(8,'Purchase orders were successfully created for | products'),(9,'There are no products below their respective reorder levels'),(10,'Must specify customer name!'),(11,'Restocking will generate purchase orders for all products below desired inventory levels.  Do you want to continue?'),(12,'Cannot create purchase order.  No suppliers listed for specified product'),(13,'Discounted price is below cost!'),(14,'Do you want to continue?'),(15,'Order is already invoiced. Do you want to print the invoice?'),(16,'Order does not contain any line items'),(17,'Cannot create invoice!  Inventory has not been allocated for each specified product.'),(18,'Sorry, there are no sales in the specified time period'),(19,'Product successfully restocked.'),(21,'Product does not need restocking! Product is already at desired inventory level.'),(22,'Product restocking failed!'),(23,'Invalid login specified!'),(24,'Must first select reported!'),(25,'Changing supplier will remove purchase line items, continue?'),(26,'Purchase orders were successfully submitted for | products.  Do you want to view the restocking report?'),(27,'There was an error attempting to restock inventory levels.'),(28,'| product(s) were successfully restocked.  Do you want to view the restocking report?'),(29,'You cannot remove purchase line items already posted to inventory!'),(30,'There was an error removing one or more purchase line items.'),(31,'You cannot modify quantity for purchased product already received or posted to inventory.'),(32,'You cannot modify price for purchased product already received or posted to inventory.'),(33,'Product has been successfully posted to inventory.'),(34,'Sorry, product cannot be successfully posted to inventory.'),(35,'There are orders with this product on back order.  Would you like to fill them now?'),(36,'Cannot post product to inventory without specifying received date!'),(37,'Do you want to post received product to inventory?'),(38,'Initialize purchase, orders, and inventory data?'),(39,'Must first specify employee name!'),(40,'Specified user must be logged in to approve purchase!'),(41,'Purchase order must contain completed line items before it can be approved'),(42,'Sorry, you do not have permission to approve purchases.'),(43,'Purchase successfully approved'),(44,'Purchase cannot be approved'),(45,'Purchase successfully submitted for approval'),(46,'Purchase cannot be submitted for approval'),(47,'Sorry, purchase order does not contain line items'),(48,'Do you want to cancel this order?'),(49,'Canceling an order will permanently delete the order.  Are you sure you want to cancel?'),(100,'Your order was successfully canceled.'),(101,'Cannot cancel an order that has items received and posted to inventory.'),(102,'There was an error trying to cancel this order.'),(103,'The invoice for this order has not yet been created.'),(104,'Shipping information is not complete.  Please specify all shipping information and try again.'),(105,'Cannot mark as shipped.  Order must first be invoiced!'),(106,'Cannot cancel an order that has already shipped!'),(107,'Must first specify salesperson!'),(108,'Order is now marked closed.'),(109,'Order must first be marked shipped before closing.'),(110,'Must first specify payment information!'),(111,'There was an error attempting to restock inventory levels.  | product(s) were successfully restocked.'),(112,'You must supply a Unit Cost.'),(113,'Fill back ordered product, Order #|'),(114,'Purchase generated based on Order #|');
/*!40000 ALTER TABLE `strings` ENABLE KEYS */;
UNLOCK TABLES;

--
-- Table structure for table `suppliers`
--

DROP TABLE IF EXISTS `suppliers`;
/*!40101 SET @saved_cs_client     = @@character_set_client */;
/*!50503 SET character_set_client = utf8mb4 */;
CREATE TABLE `suppliers` (
  `id` int NOT NULL AUTO_INCREMENT,
  `company` varchar(50) DEFAULT NULL,
  `last_name` varchar(50) DEFAULT NULL,
  `first_name` varchar(50) DEFAULT NULL,
  `email_address` varchar(50) DEFAULT NULL,
  `job_title` varchar(50) DEFAULT NULL,
  `business_phone` varchar(25) DEFAULT NULL,
  `home_phone` varchar(25) DEFAULT NULL,
  `mobile_phone` varchar(25) DEFAULT NULL,
  `fax_number` varchar(25) DEFAULT NULL,
  `address` longtext,
  `city` varchar(50) DEFAULT NULL,
  `state_province` varchar(50) DEFAULT NULL,
  `zip_postal_code` varchar(15) DEFAULT NULL,
  `country_region` varchar(50) DEFAULT NULL,
  `web_page` longtext,
  `notes` longtext,
  `attachments` longblob,
  PRIMARY KEY (`id`),
  KEY `city` (`city`),
  KEY `company` (`company`),
  KEY `first_name` (`first_name`),
  KEY `last_name` (`last_name`),
  KEY `zip_postal_code` (`zip_postal_code`),
  KEY `state_province` (`state_province`)
) ENGINE=InnoDB AUTO_INCREMENT=11 DEFAULT CHARSET=utf8mb3;
/*!40101 SET character_set_client = @saved_cs_client */;

--
-- Dumping data for table `suppliers`
--

LOCK TABLES `suppliers` WRITE;
/*!40000 ALTER TABLE `suppliers` DISABLE KEYS */;
INSERT INTO `suppliers` VALUES (1,'Supplier A','Andersen','Elizabeth A.',NULL,'Sales Manager',NULL,NULL,NULL,NULL,NULL,NULL,NULL,NULL,NULL,NULL,NULL,''),(2,'Supplier B','Weiler','Cornelia',NULL,'Sales Manager',NULL,NULL,NULL,NULL,NULL,NULL,NULL,NULL,NULL,NULL,NULL,''),(3,'Supplier C','Kelley','Madeleine',NULL,'Sales Representative',NULL,NULL,NULL,NULL,NULL,NULL,NULL,NULL,NULL,NULL,NULL,''),(4,'Supplier D','Sato','Naoki',NULL,'Marketing Manager',NULL,NULL,NULL,NULL,NULL,NULL,NULL,NULL,NULL,NULL,NULL,''),(5,'Supplier E','Hernandez-Echevarria','Amaya',NULL,'Sales Manager',NULL,NULL,NULL,NULL,NULL,NULL,NULL,NULL,NULL,NULL,NULL,''),(6,'Supplier F','Hayakawa','Satomi',NULL,'Marketing Assistant',NULL,NULL,NULL,NULL,NULL,NULL,NULL,NULL,NULL,NULL,NULL,''),(7,'Supplier G','Glasson','Stuart',NULL,'Marketing Manager',NULL,NULL,NULL,NULL,NULL,NULL,NULL,NULL,NULL,NULL,NULL,''),(8,'Supplier H','Dunton','Bryn Paul',NULL,'Sales Representative',NULL,NULL,NULL,NULL,NULL,NULL,NULL,NULL,NULL,NULL,NULL,''),(9,'Supplier I','Sandberg','Mikael',NULL,'Sales Manager',NULL,NULL,NULL,NULL,NULL,NULL,NULL,NULL,NULL,NULL,NULL,''),(10,'Supplier J','Sousa','Luis',NULL,'Sales Manager',NULL,NULL,NULL,NULL,NULL,NULL,NULL,NULL,NULL,NULL,NULL,'');
/*!40000 ALTER TABLE `suppliers` ENABLE KEYS */;
UNLOCK TABLES;
/*!40103 SET TIME_ZONE=@OLD_TIME_ZONE */;

/*!40101 SET SQL_MODE=@OLD_SQL_MODE */;
/*!40014 SET FOREIGN_KEY_CHECKS=@OLD_FOREIGN_KEY_CHECKS */;
/*!40014 SET UNIQUE_CHECKS=@OLD_UNIQUE_CHECKS */;
/*!40101 SET CHARACTER_SET_CLIENT=@OLD_CHARACTER_SET_CLIENT */;
/*!40101 SET CHARACTER_SET_RESULTS=@OLD_CHARACTER_SET_RESULTS */;
/*!40101 SET COLLATION_CONNECTION=@OLD_COLLATION_CONNECTION */;
/*!40111 SET SQL_NOTES=@OLD_SQL_NOTES */;

-- Dump completed on 2024-05-31  8:53:12
